"timescale","netlsd_601_2","netlsd_6600_1"
0.01,0.990061397262421,0.990061895137838
0.0103768193705222,0.989689281150602,0.989689817357209
0.0107678380248444,0.989303325594816,0.989303903087696
0.0111735910194851,0.988903023017057,0.988903644979561
0.0115946335729286,0.988487847769574,0.988488517631009
0.0120315418253672,0.98805725553372,0.988057976988407
0.0124849136270718,0.98761068270211,0.98761145972993
0.0129553693564695,0.98714754574389,0.987148382632422
0.0134435527690482,0.986667240552962,0.986668141921353
0.0139501318782496,0.986169141779027,0.986170112603719
0.014475799869556,0.985652602141334,0.985653647783795
0.0150212760490211,0.985116951725058,0.985118077961681
0.0155873068275443,0.984561497260291,0.984562710314614
0.0161746667422334,0.983985521383623,0.983986827961082
0.0167841595162548,0.983388281882406,0.983389689207786
0.0174166191586207,0.982769010921772,0.982770526779597
0.0180729111054183,0.982126914254598,0.982128547032667
0.018753933404043,0.981461170414626,0.981462929150966
0.0194606179420556,0.980770929893047,0.980772824326533
0.0201939317223454,0.980055314298914,0.980057354923851
0.0209548781863436,0.979313415503841,0.979315613628834
0.0217444985870983,0.978544294771535,0.978546662582958
0.0225638734140894,0.977746981872802,0.977749532503254
0.0234141238717333,0.97692047418677,0.976923221788905
0.0242964134136008,0.976063735789212,0.976066695615358
0.0252119493344467,0.97517569652894,0.975178885016976
0.0261619844222311,0.974255251093409,0.974258685959395
0.0271478186723907,0.973301258064798,0.973304958402884
0.0281708010667087,0.972312538968008,0.972316525358209
0.029232331419215,0.97128787731217,0.971292171936627
0.0303338622916434,0.970226017627463,0.970230644395854
0.0314769009810677,0.969125664499208,0.969130649184058
0.0326630115824352,0.967985481601468,0.967990851984111
0.0338938171288204,0.96680409073254,0.966809876760614
0.035171001812328,0.965580070855048,0.965586304812413
0.0364963132886836,0.964311957143552,0.964318673833629
0.0378715650686657,0.962998240042884,0.96300547698648
0.0392986389996522,0.961637364340731,0.961645161989513
0.0407794878406749,0.960227728258301,0.960236130225136
0.0423161379345089,0.958767682563232,0.958776735870762
0.04391069198045,0.957255529709278,0.957265285058171
0.0455653319115766,0.955689523007698,0.955700035066135
0.047282321880432,0.954067865835657,0.954079193551751
0.0490640113572131,0.952388710887403,0.952400917826367
0.0509128383447049,0.95065015947442,0.950663314182458
0.0528313327143598,0.948850260881254,0.948864437278291
0.0548221196680871,0.946987011784198,0.947002289587745
0.0568879233304891,0.945058355740573,0.945074820923198
0.05903157047646,0.943062182756893,0.943079928039957
0.0612559943992475,0.940996328944781,0.941015454331318
0.063564238924271,0.938858576274133,0.938879189623969
0.0659594625741874,0.936646652433653,0.936668870084102
0.068444942890906,0.934358230809552,0.934382178245295
0.0710240809204638,0.931990930593912,0.932016743169911
0.0737004058669003,0.929542317034885,0.92957014075654
0.0764775799214998,0.927009901841714,0.927039894206719
0.0793594032740076,0.924391143758237,0.924423474664992
0.0823498193126803,0.921683449319393,0.921718302047157
0.0854529200202822,0.918884173805983,0.918921746072362
0.0886729515734147,0.915990622413791,0.916031127515564
0.0920143201528385,0.913000051653979,0.913043719697706
0.0954815979727403,0.909909671002475,0.90995675023181
0.0990795295371942,0.906716644816926,0.906767403044054
0.102813038132378,0.903418094540584,0.903472820689738
0.10668723256343,0.900011101213304,0.900070106984872
0.11070741414516,0.896492708310601,0.89655632997495
0.114879083956192,0.8928599249325,0.892928525263242
0.119207950366445,0.889109729364554,0.889183699721675
0.123699936848278,0.885239073034132,0.885318835608071
0.128361190081958,0.881244884885616,0.881330895114125
0.133198088366574,0.877124076198663,0.877216825369037
0.138217250347879,0.87287354587412,0.87297356392416
0.143425544075018,0.86849018621243,0.868598044744347
0.148830096398533,0.863970889209578,0.864087204731854
0.154438302722498,0.859312553395583,0.859437990808699
0.160257837124139,0.854512091240397,0.854647367583194
0.166296662854775,0.849566437151677,0.84971232562602
0.172563043236462,0.844472556088301,0.844629890380598
0.179065552969238,0.839227452812599,0.839397131731628
0.185813089864445,0.833828181803154,0.834011174254498
0.192814887020195,0.828271857848501,0.828469208166756
0.200080525455621,0.822555667340242,0.822768501000926
0.207619947221214,0.816676880281841,0.816906410015692
0.215443469003189,0.810632863026698,0.810880395359682
0.223561796240478,0.804421091755985,0.804688033998876
0.231986037773692,0.798039166703064,0.798327034414861
0.240727721046074,0.791484827127099,0.791795252076806
0.249798807877256,0.78475596703375,0.78509070568505
0.259211710831406,0.77785065163535,0.778211594178546
0.268979310202152,0.770767134536962,0.771156314492046
0.279114971637539,0.763503875627908,0.763923480041807
0.289632564429116,0.756059559650846,0.756511939910709
0.300546480490206,0.748433115412253,0.748920798694961
0.311871654049304,0.740623735589076,0.741149436965017
0.323623582085561,0.732630897076521,0.733197532282888
0.335818345534322,0.724454381811272,0.725065080706761
0.348472631291726,0.716094297993015,0.716752418701589
0.361603755048481,0.707551101614932,0.708260245361351
0.375229684984064,0.698825618200806,0.69958964483467
0.389369066353757,0.689919064632786,0.690742108830877
0.40404124700218,0.680833070939446,0.681719559068078
0.419266303838216,0.671569701898984,0.672524369508734
0.435065070307563,0.662131478297037,0.663159388211584
0.451459164900511,0.652521397662957,0.653627958611691
0.468471020733939,0.64274295429265,0.643933940023075
0.486123916248023,0.632800158350275,0.634081727141037
0.504442007059659,0.62269755382567,0.624076268304128
0.523450359016175,0.612440235109362,0.613923082258982
0.543174982494583,0.602033861932895,0.603628273155333
0.563642867993284,0.59148467240913,0.59319854348368
0.584882023064938,0.58079949389568,0.5826412046548
0.606921510641044,0.569985751394914,0.571964184908934
0.629791488800657,0.55905147319664,0.561176034233553
0.653523252037666,0.548005293464931,0.550285925962589
0.67814927408311,0.536856451469147,0.539303654727483
0.703703252341116,0.525614787161537,0.528239630431878
0.730220153999275,0.514290732810277,0.517104867927881
0.757736263876537,0.50289530040805,0.505910972083125
0.786289234074115,0.491440064592649,0.494670117944927
0.815918135497332,0.479937140838127,0.483395025731302
0.846663511318905,0.468399158703125,0.472098930408882
0.878567432456834,0.456839229957548,0.460795545655501
0.911673555142801,0.445270911449947,0.449499022050623
0.946027180659862,0.433708162626091,0.438223899390267
0.981675317331174,0.422165297664281,0.426985053084813
1.01866674484456,0.410656932254811,0.415797634667927
1.05705208100098,0.399197925119606,0.404677006522885
1.09688385097818,0.387803314442723,0.393638671018127
1.13821655920433,0.376488249462774,0.382698194336557
1.18110676394006,0.365267917563311,0.371871125381881
1.2256131546708,0.354157467285899,0.361172910248986
1.27179663241547,0.343171927781566,0.350618802852598
1.31972039306138,0.332326125308068,0.340223772417274
1.36945001383924,0.321634597471062,0.330002408640272
1.42105354305689,0.311111505994951,0.319968825444388
1.47460159321419,0.300770548891507,0.310136564337919
1.53016743762679,0.290624872969182,0.300518498490515
1.58782711069079,0.280686987690681,0.291126738713685
1.64765951192565,0.270968681438524,0.281972542599961
1.70974651393752,0.261480941285389,0.273066228121839
1.77417307445096,0.252233877385688,0.264417093017507
1.84102735256216,0.243236653104921,0.256033341291945
1.91040082937282,0.234497421981969,0.247922018136614
1.98238843316975,0.226023272575151,0.24008895451636
2.0570886693215,0.21782018217465,0.232538722586746
2.1346037550697,0.209892980271259,0.225274602987855
2.21503975939966,0.202245322554733,0.218298564911753
2.29850674818152,0.194879676075145,0.211611259661107
2.38511893478059,0.187797316039413,0.205212028208191
2.47499483634305,0.180998334535026,0.199098923029666
2.56825743597069,0.174481661277293,0.193268744237736
2.66503435100683,0.168245096269136,0.18771708975789
2.76545800766347,0.162285354048313,0.182438419024098
2.86966582222879,0.156598118981069,0.177426129381579
2.97780038910292,0.151178110849258,0.172672644113112
3.09000967591916,0.146019159775771,0.168169510746127
3.20644722601789,0.14111428934634,0.163907508062975
3.32727236854996,0.136455806620284,0.159876760034489
3.45265043649724,0.132035397583603,0.156066854734906
3.58275299290864,0.127844226489643,0.152466966181234
3.71775806566106,0.123873037459248,0.149065976977622
3.85785039106668,0.120112256676535,0.145852599638863
4.00322166665973,0.11655209352009,0.142815494518381
4.15407081350887,0.113182639012836,0.139943382374387
4.31060424841397,0.109993960056477,0.137225149770412
4.47303616635972,0.106976188036265,0.134649945717966
4.64158883361278,0.104119600535737,0.132207268222409
4.81649289186326,0.101414695084833,0.129887039679151
4.9979876738269,0.0988522540732265,0.127679670375574
5.1863215307398,0.0964234001877845,0.125576109673256
5.3817521721937,0.0941196419723062,0.123567884763328
5.58454701877694,0.0919329093519828,0.121647127193807
5.79498356800364,0.0898555792072564,0.119806587650745
6.01334977403179,0.0878804913147505,0.118039639725841
6.23994444168982,0.0860009551897755,0.116340273614307
6.47507763535091,0.0842107485591627,0.114703080852973
6.71907110321443,0.0825041083590743,0.113123231326931
6.97225871757513,0.0808757152851566,0.111596443842892
7.23498693168257,0.0793206730181869,0.110118951590505
7.50761525381585,0.0778344833047722,0.108687463792921
7.79051673922241,0.0764130180886592,0.107299124790152
8.08407850059403,0.0750524898642934,0.105951471709831
8.3887022377786,0.0737494213625051,0.104642391767031
8.70480478745237,0.0725006155821533,0.103370080105298
9.03281869350499,0.071303127056215,0.10213299895225
9.37319279891774,0.0701542350923226,0.100929838721593
9.72639285994486,0.0690514195631726,0.0997594815549774
10.0929021834384,0.067992339649134,0.0986209676664381
10.473222288189,0.0669748157614804,0.0975134647327684
10.8678735911864,0.0659968147073622,0.0964362404674251
11.2773961197409,0.0650564380036305,0.0953886384247923
11.7023502504379,0.0641519131115982,0.0943700570061845
12.1433174759379,0.0632815872531402,0.0933799315784694
12.6009012006713,0.0624439233830914,0.0924177195696204
13.0757275665162,0.0616374978350981,0.0914828883714673
13.5684463095896,0.0608609991278512,0.0905749058566982
14.079731649324,0.0601132274146556,0.0896932333029729
14.6102832110459,0.05939309407916,0.0888373205099799
15.1608269833196,0.058699621020601,0.0880066028936405
15.7321163113646,0.058031939229415,0.0872005003437862
16.3249329279076,0.0573892863245677,0.0864184176360378
16.9400880228787,0.0567710028034628,0.0856597461940865
17.5784233534159,0.0561765268399295,0.0849238670041218
18.2408123956965,0.0556053875519385,0.0842101544881028
18.9281615401725,0.0550571967450143,0.0835179811465224
19.6414113318434,0.054531639216841,0.0828467227841754
20.3815377572667,0.0540284617806731,0.0821957641344205
21.1495535800634,0.0535474612276593,0.0815645046989269
21.9465097267499,0.0530884714992401,0.0809523646216017
22.7734967247891,0.0526513503790268,0.080358790418046
23.6316461948315,0.0522359660381285,0.0797832603863462
24.5221323991854,0.0518421837783899,0.0792252895320586
25.4461738486377,0.0514698533146189,0.0786844338506002
26.4050349698218,0.0511187969203452,0.0781602938244082
27.4000278354163,0.0507887987332066,0.0776525170104453
28.4325139595394,0.050479595477401,0.0771607996158686
29.5039061607991,0.0501908688138543,0.076684886985635
30.6156704955448,0.0499222394761125,0.0762245729548787
31.7693282639694,0.0496732632938923,0.0757796980502192
32.9664580918035,0.0494434291490644,0.075350146556738
34.2086980904535,0.0492321588527952,0.0749358425000531
35.4977480985362,0.0490388088795512,0.0745367446245786
36.8353720078807,0.0488626738452561,0.0741528404785607
38.2234001771767,0.0487029915743017,0.0737841397428195
39.6637319365748,0.0485589495641776,0.0734306669624324
41.1583381866649,0.0484296926277349,0.0730924538581925
42.7092640953886,0.0483143314717583,0.072769531407064
44.3186318965776,0.0482119519566237,0.0724619218877522
45.9886437939448,0.0481216247752347,0.0721696310887859
47.7215849745052,0.0480424152899348,0.0718926408722457
49.5198267355465,0.0479733932733723,0.0716309022766625
51.3858297294321,0.0479136423129857,0.0713843293280253
53.3221473306725,0.0478622686584315,0.0711527937087323
55.3314291298759,0.0478184093163489,0.0709361204112952
57.4164245593572,0.0477812392266737,0.0707340844773346
59.5799866553662,0.047749977388459,0.0705464088936529
61.8250759620858,0.0477238918398359,0.0703727636867672
64.1547645827376,0.0477023034352062,0.0702127662260925
66.5722403833442,0.0476845884017055,0.0700659827148725
69.0808113548945,0.0476701796950215,0.0699319308178313
71.6839101398858,0.0476585672103885,0.0698100833461925
74.3850987294337,0.0476492969366385,0.0696998728949524
77.1880733373793,0.0476419691683413,0.0696006973047753
80.0966694580603,0.0476362359123149,0.0695119258021736
83.1148671146713,0.0476317976394049,0.0694329056572168
86.2467963053897,0.0476283995400714,0.0693629691882083
89.4967426547247,0.0476258274429864,0.0693014409378205
92.8691532778187,0.0476239035499447,0.069247644845171
96.3686428657261,0.0476224821286641,0.0692009112432587
100,0.0476214452885537,0.0691605835208883
